{
  "results": [
    {
      "model": "FNN",
      "accuracy": 0.937224268913269,
      "loss": 0.23321518301963806,
      "params": 186950
    },
    {
      "model": "CNN",
      "accuracy": 0.8968442678451538,
      "loss": 0.3628249764442444,
      "params": 159878
    },
    {
      "model": "LSTM",
      "accuracy": 0.8299965858459473,
      "loss": 0.444719135761261,
      "params": 126406
    }
  ],
  "histories": {
    "FNN": {
      "accuracy": [
        0.8433079719543457,
        0.9484493732452393,
        0.9568824768066406,
        0.9661316871643066,
        0.9723884463310242
      ],
      "loss": [
        0.4662378430366516,
        0.1920594722032547,
        0.16340988874435425,
        0.1410505622625351,
        0.1268600970506668
      ],
      "val_accuracy": [
        0.9209365248680115,
        0.929419755935669,
        0.9433321952819824,
        0.9311164021492004,
        0.937224268913269
      ],
      "val_loss": [
        0.2748572826385498,
        0.2308955043554306,
        0.20977309346199036,
        0.24771329760551453,
        0.23321521282196045
      ],
      "learning_rate": [
        0.0010000000474974513,
        0.0010000000474974513,
        0.0010000000474974513,
        0.0010000000474974513,
        0.0010000000474974513
      ]
    },
    "CNN": {
      "accuracy": [
        0.7324537634849548,
        0.9307671189308167,
        0.9649075269699097,
        0.9804134964942932,
        0.9880304932594299
      ],
      "loss": [
        0.6133173108100891,
        0.18393667042255402,
        0.09633103758096695,
        0.056718576699495316,
        0.03755607828497887
      ],
      "val_accuracy": [
        0.8079403042793274,
        0.8160841464996338,
        0.8717339634895325,
        0.900237500667572,
        0.8968442678451538
      ],
      "val_loss": [
        0.8081766963005066,
        0.4814212918281555,
        0.39339014887809753,
        0.28488433361053467,
        0.3628249168395996
      ],
      "learning_rate": [
        0.0010000000474974513,
        0.0010000000474974513,
        0.0010000000474974513,
        0.0010000000474974513,
        0.0010000000474974513
      ]
    },
    "LSTM": {
      "accuracy": [
        0.47198042273521423,
        0.6245919466018677,
        0.6783187985420227,
        0.7172198295593262,
        0.7694504857063293
      ],
      "loss": [
        1.1327810287475586,
        0.7878018617630005,
        0.6978409290313721,
        0.6372440457344055,
        0.5446974635124207
      ],
      "val_accuracy": [
        0.4207668900489807,
        0.5439429879188538,
        0.7149643898010254,
        0.7475398778915405,
        0.8299965858459473
      ],
      "val_loss": [
        1.0950138568878174,
        0.8671126961708069,
        0.6439836025238037,
        0.5285398960113525,
        0.4447190463542938
      ],
      "learning_rate": [
        0.0005000000237487257,
        0.0005000000237487257,
        0.0005000000237487257,
        0.0005000000237487257,
        0.0005000000237487257
      ]
    }
  },
  "confusion_matrices": {
    "FNN": [
      [
        451,
        21,
        24,
        0,
        0,
        0
      ],
      [
        5,
        463,
        3,
        0,
        0,
        0
      ],
      [
        2,
        25,
        393,
        0,
        0,
        0
      ],
      [
        0,
        1,
        0,
        430,
        58,
        2
      ],
      [
        0,
        0,
        0,
        24,
        508,
        0
      ],
      [
        0,
        0,
        0,
        0,
        20,
        517
      ]
    ],
    "CNN": [
      [
        416,
        62,
        18,
        0,
        0,
        0
      ],
      [
        4,
        466,
        1,
        0,
        0,
        0
      ],
      [
        14,
        58,
        348,
        0,
        0,
        0
      ],
      [
        0,
        2,
        0,
        368,
        121,
        0
      ],
      [
        0,
        0,
        0,
        18,
        514,
        0
      ],
      [
        0,
        0,
        0,
        0,
        6,
        531
      ]
    ],
    "LSTM": [
      [
        473,
        5,
        18,
        0,
        0,
        0
      ],
      [
        67,
        400,
        3,
        1,
        0,
        0
      ],
      [
        137,
        72,
        211,
        0,
        0,
        0
      ],
      [
        0,
        0,
        0,
        409,
        82,
        0
      ],
      [
        0,
        1,
        0,
        88,
        443,
        0
      ],
      [
        0,
        0,
        0,
        0,
        27,
        510
      ]
    ]
  },
  "labels": [
    "WALKING",
    "WALKING_UPSTAIRS",
    "WALKING_DOWNSTAIRS",
    "SITTING",
    "STANDING",
    "LAYING"
  ]
}