{
  "results": [
    {
      "model": "FNN",
      "accuracy": 0.9375635981559753,
      "loss": 0.23583045601844788,
      "params": 186950
    },
    {
      "model": "CNN",
      "accuracy": 0.9300984144210815,
      "loss": 0.20853126049041748,
      "params": 159878
    },
    {
      "model": "LSTM",
      "accuracy": 0.8469629883766174,
      "loss": 0.4047951102256775,
      "params": 126406
    }
  ],
  "histories": {
    "FNN": {
      "accuracy": [
        0.8434439897537231,
        0.9455930590629578,
        0.9597388505935669,
        0.9670838117599487,
        0.968716025352478
      ],
      "loss": [
        0.4613727927207947,
        0.19855332374572754,
        0.15899857878684998,
        0.14124912023544312,
        0.13373568654060364
      ],
      "val_accuracy": [
        0.935188353061676,
        0.9338310360908508,
        0.9314557313919067,
        0.9358670115470886,
        0.9375635981559753
      ],
      "val_loss": [
        0.24502208828926086,
        0.23436091840267181,
        0.2396562248468399,
        0.22375279664993286,
        0.23583050072193146
      ],
      "learning_rate": [
        0.0010000000474974513,
        0.0010000000474974513,
        0.0010000000474974513,
        0.0010000000474974513,
        0.0010000000474974513
      ]
    },
    "CNN": {
      "accuracy": [
        0.7411588430404663,
        0.9300870299339294,
        0.9691240191459656,
        0.9819096922874451,
        0.9842219948768616
      ],
      "loss": [
        0.614399790763855,
        0.18361929059028625,
        0.08745282143354416,
        0.05568955838680267,
        0.04210854321718216
      ],
      "val_accuracy": [
        0.7933491468429565,
        0.876823902130127,
        0.8825924396514893,
        0.9158466458320618,
        0.9300984144210815
      ],
      "val_loss": [
        0.9194672107696533,
        0.41195735335350037,
        0.3142091929912567,
        0.24462305009365082,
        0.2085312455892563
      ],
      "learning_rate": [
        0.0010000000474974513,
        0.0010000000474974513,
        0.0010000000474974513,
        0.0010000000474974513,
        0.0010000000474974513
      ]
    },
    "LSTM": {
      "accuracy": [
        0.4938792288303375,
        0.6300326585769653,
        0.6885201334953308,
        0.7344940304756165,
        0.7901251316070557
      ],
      "loss": [
        1.1035703420639038,
        0.771416187286377,
        0.6821988224983215,
        0.5997914671897888,
        0.5182033777236938
      ],
      "val_accuracy": [
        0.6023074388504028,
        0.6647437810897827,
        0.7550050616264343,
        0.7780793905258179,
        0.8469629883766174
      ],
      "val_loss": [
        1.0736662149429321,
        0.8276736736297607,
        0.6230292916297913,
        0.5184602737426758,
        0.4047951400279999
      ],
      "learning_rate": [
        0.0005000000237487257,
        0.0005000000237487257,
        0.0005000000237487257,
        0.0005000000237487257,
        0.0005000000237487257
      ]
    }
  },
  "confusion_matrices": {
    "FNN": [
      [
        481,
        14,
        1,
        0,
        0,
        0
      ],
      [
        43,
        426,
        1,
        0,
        1,
        0
      ],
      [
        13,
        29,
        378,
        0,
        0,
        0
      ],
      [
        0,
        1,
        0,
        436,
        52,
        2
      ],
      [
        0,
        0,
        0,
        27,
        505,
        0
      ],
      [
        0,
        0,
        0,
        0,
        0,
        537
      ]
    ],
    "CNN": [
      [
        483,
        4,
        9,
        0,
        0,
        0
      ],
      [
        23,
        441,
        7,
        0,
        0,
        0
      ],
      [
        16,
        23,
        381,
        0,
        0,
        0
      ],
      [
        0,
        0,
        0,
        393,
        96,
        2
      ],
      [
        0,
        0,
        0,
        16,
        515,
        1
      ],
      [
        0,
        0,
        0,
        2,
        7,
        528
      ]
    ],
    "LSTM": [
      [
        433,
        13,
        50,
        0,
        0,
        0
      ],
      [
        17,
        449,
        5,
        0,
        0,
        0
      ],
      [
        61,
        87,
        272,
        0,
        0,
        0
      ],
      [
        0,
        3,
        0,
        392,
        94,
        2
      ],
      [
        0,
        2,
        0,
        90,
        440,
        0
      ],
      [
        0,
        0,
        0,
        0,
        27,
        510
      ]
    ]
  },
  "labels": [
    "WALKING",
    "WALKING_UPSTAIRS",
    "WALKING_DOWNSTAIRS",
    "SITTING",
    "STANDING",
    "LAYING"
  ]
}